{
"bindings" :   [
    {
    "control"           : "pageup"            , 
    "action"            : "liftUp"            
    }, 
    {
    "control"           : "space"             , 
    "action"            : "shoot"             
    }, 
    {
    "control"           : "pagedown"          , 
    "action"            : "lowerDown"         
    }, 
  ], 
"name"              : "Keyboard"          , 
"version"           : 1                   , 
"devicetype"        : "keyboard"          , 
"vidpid"            : "6F1D2B61"          , 
"guid"              : "{6F1D2B61-D5A0-11CF-BFC7-444553540000}"
}, 
