{
"bindings" :   [
    {
    "control"           : "btn_r"             , 
    "action"            : "liftUp"            
    }, 
    {
    "control"           : "btn_l"             , 
    "action"            : "lowerDown"         
    }, 
    {
    "control"           : "thumbly"           , 
    "action"            : "lift"              
    }, 
  ], 
"name"              : "XBox Controller 1" , 
"version"           : 1                   , 
"devicetype"        : "xinput"            , 
"vidpid"            : "XIDevice"          , 
"guid"              : "xinput_device_XIDevice"
}, 
