{
	"Name":"D-Series",
	"Brand":"Gavril",
	"Author":"BeamNG",
	"Country":"United States",
	"Type":"Truck",
  "Body Style":"Pickup",
	"Years":{"min":1988, "max":1994},
	"Derby Class":"Medium Truck",
	"default_pc":"v8_4wd",
	"default_color":"Sea Blue",
	"colors":{
		"Pearl White": "1 1 1 1.2",
		"Charcoal": "0.25 0.25 0.25 1.2",
		"Silver": "0.65 0.65 0.65 1.2",
		"Gray": "0.5 0.5 0.5 1.3",
		"Carbon Gray": "0.33 0.33 0.33 1.3",
		"Cream": "1 0.9 0.8 1.4",
		"Light Brown": "0.6 0.45 0.35 1.3",
		"Jet Black": "0 0 0 1.3",
		"Fire Red": "1 0 0 1.2",
		"Flame Orange": "1 0.3 0 1.2",
		"Burgundy": "0.5 0 0 1.2",
		"Forest Green": "0.1 0.4 0.2 1.2",
		"Seafoam Green": "0.24 0.48 0.48 1.2",
		"Olive Green": "0.27 0.35 0.23 1.2",
		"Opal Green": "0.22 0.37 0.33 1.3",
		"Aquamarine": "0.15 0.35 0.6 1.2",
		"Sea Blue": "0.2 0.3 0.6 1.2",
		"Brilliant Blue": "0.05 0.35 0.8 1.2",
		"Solar Yellow": "0.95 0.7 0.1 1.3",
		"Vibrant Red": "0.9 0.05 0.04 1.3",
    "Pleasant Blue": "0.35 0.50 0.65 1.2",
		"Bermuda Blue": "0.06 0.145 0.17 1.2",
		"Navy Blue": "0.0 0.05 0.25 1.2"
	}
}